time(s),S1,S2,S3,S4,S5,S6,S7,S8,S9,S10,Temp,Humid
0.0,1554.25,1283.5,1651.75,1995.75,1898.25,1638.75,599.125,2337.875,2116.5,1719.125,30.54,43.09
0.1,1554.375,1283.5,1651.75,1995.75,1898.125,1638.875,599.25,2337.75,2116.5,1719.125,30.54,43.11
0.2,1554.25,1283.5,1651.75,1995.875,1898.25,1638.875,599.25,2337.875,2116.375,1719.125,30.53,43.08
0.3,1554.25,1283.5,1651.625,1995.875,1898.25,1638.875,599.125,2337.875,2116.5,1719.125,30.56,43.1
0.4,1554.25,1283.375,1651.625,1995.75,1898.25,1639.0,598.875,2337.75,2116.5,1719.125,30.57,43.08
0.5,1554.25,1283.5,1651.625,1995.875,1898.125,1639.0,599.25,2337.875,2116.375,1719.125,30.57,43.08
0.6,1554.25,1283.375,1651.5,1995.75,1898.25,1639.0,599.25,2337.875,2116.375,1719.125,30.54,43.13
0.7,1554.25,1283.375,1651.625,1995.75,1898.25,1639.125,599.0,2337.875,2116.5,1719.125,30.58,43.11
0.8,1554.125,1283.375,1651.5,1995.75,1898.25,1639.125,599.125,2337.875,2116.25,1719.125,30.56,43.11
0.9,1554.125,1283.375,1651.5,1995.875,1898.25,1639.125,599.125,2337.875,2116.375,1719.125,30.56,43.1
1.0,1554.125,1283.25,1651.5,1995.75,1898.25,1639.25,599.0,2337.875,2116.5,1719.125,30.6,43.1
1.1,1554.25,1283.375,1651.5,1995.875,1898.25,1639.25,599.0,2337.875,2116.375,1719.125,30.54,43.09
1.2,1554.125,1283.375,1651.375,1995.875,1898.375,1639.25,599.125,2337.875,2116.375,1719.125,30.57,43.08
1.3,1554.125,1283.25,1651.375,1995.75,1898.25,1639.5,599.375,2337.875,2116.375,1719.125,30.56,43.11
1.4,1554.125,1283.375,1651.375,1995.875,1898.375,1639.375,599.125,2337.875,2116.25,1719.125,30.57,43.15
1.5,1554.0,1283.375,1651.375,1995.875,1898.375,1639.5,599.125,2337.875,2116.25,1719.125,30.54,43.12
1.6,1554.125,1283.375,1651.25,1995.875,1898.375,1639.625,599.125,2337.875,2116.375,1719.125,30.56,43.12
1.7,1554.0,1283.375,1651.375,1995.875,1898.375,1639.625,599.125,2338.0,2116.25,1719.25,30.57,43.1
1.8,1554.0,1283.5,1651.25,1995.875,1898.5,1639.625,599.125,2338.0,2116.25,1719.25,30.56,43.13
1.9,1554.0,1283.375,1651.25,1995.875,1898.5,1639.625,599.125,2337.875,2116.25,1719.125,30.57,43.1
2.0,1554.0,1283.375,1651.25,1995.875,1898.5,1639.625,599.25,2337.875,2116.25,1719.25,30.56,43.15
2.1,1553.875,1283.375,1651.125,1995.875,1898.625,1639.75,599.25,2338.0,2116.25,1719.375,30.58,43.13
2.2,1553.875,1283.375,1651.0,1995.875,1898.5,1639.875,599.0,2337.875,2116.5,1719.375,30.57,43.1
2.3,1553.875,1283.25,1651.0,1995.75,1898.5,1640.0,599.125,2337.875,2116.375,1719.375,30.57,43.17
2.4,1553.875,1283.375,1650.875,1995.875,1898.5,1640.25,599.25,2337.875,2116.375,1719.375,30.57,43.12
2.5,1553.875,1283.25,1650.875,1995.75,1898.5,1640.875,599.25,2338.0,2116.5,1719.375,30.57,43.12
2.6,1553.875,1283.25,1650.875,1996.0,1898.625,1642.125,599.25,2338.0,2116.625,1719.5,30.56,43.11
2.7,1553.75,1283.5,1650.75,1996.25,1898.75,1643.875,599.25,2338.25,2117.0,1719.875,30.57,43.1
2.8,1553.75,1283.875,1650.75,1996.625,1898.875,1646.5,599.5,2338.625,2118.0,1720.75,30.58,43.14
2.9,1553.75,1284.75,1650.75,1997.25,1899.25,1650.0,599.75,2339.5,2119.25,1722.5,30.56,43.11
3.0,1553.75,1286.25,1650.75,1998.0,1899.875,1654.375,599.875,2340.75,2121.125,1725.25,30.58,43.15
3.1,1553.875,1288.375,1650.625,1998.875,1900.875,1659.75,600.375,2342.625,2123.75,1729.25,30.6,43.18
3.2,1554.125,1291.375,1650.75,2000.0,1902.25,1666.0,601.125,2345.0,2127.25,1734.625,30.57,43.17
3.3,1554.375,1295.25,1650.75,2001.25,1904.0,1672.875,601.75,2348.0,2131.375,1741.125,30.57,43.22
3.4,1554.75,1299.625,1650.75,2003.0,1906.375,1680.625,602.5,2351.375,2136.75,1748.625,30.58,43.23
3.5,1555.375,1304.625,1651.125,2004.875,1909.125,1689.0,603.625,2355.25,2143.125,1757.0,30.6,43.28
3.6,1556.125,1310.25,1651.25,2007.125,1912.375,1697.625,604.625,2359.625,2150.375,1766.0,30.58,43.3
3.7,1556.875,1316.5,1651.375,2009.5,1916.125,1706.75,605.625,2364.625,2158.75,1775.5,30.57,43.37
3.8,1558.125,1323.375,1651.625,2012.125,1920.25,1716.25,606.625,2369.875,2168.125,1785.625,30.57,43.44
3.9,1559.25,1330.875,1652.0,2015.125,1924.75,1725.75,608.125,2375.75,2177.875,1796.0,30.6,43.46
4.0,1560.625,1339.125,1652.125,2018.375,1929.75,1735.5,609.625,2382.0,2188.75,1807.0,30.58,43.61
4.1,1562.25,1348.125,1652.5,2021.875,1935.0,1745.375,610.875,2388.625,2200.375,1818.125,30.6,43.65
4.2,1564.0,1357.625,1653.0,2025.5,1940.5,1755.0,612.25,2395.75,2212.25,1829.625,30.57,43.74
4.3,1566.0,1368.25,1653.25,2029.625,1946.5,1764.75,614.0,2403.375,2224.625,1841.25,30.58,43.83
4.4,1568.125,1379.125,1653.625,2034.0,1952.75,1774.5,615.5,2411.25,2237.5,1853.0,30.58,43.92
4.5,1570.5,1390.75,1654.125,2038.5,1959.25,1784.0,617.25,2419.625,2250.25,1864.75,30.6,43.99
4.6,1573.0,1403.0,1654.5,2043.5,1966.125,1793.375,619.0,2428.5,2263.375,1876.625,30.58,44.12
4.7,1575.875,1415.875,1655.0,2048.625,1973.125,1802.75,621.125,2437.75,2276.75,1888.5,30.6,44.18
4.8,1578.875,1428.875,1655.5,2054.0,1980.375,1811.75,623.0,2447.25,2289.875,1900.375,30.6,44.28
4.9,1581.875,1442.5,1655.875,2059.75,1987.75,1820.5,624.875,2457.125,2303.25,1912.375,30.58,44.44
5.0,1585.375,1456.25,1656.375,2065.75,1995.375,1829.25,627.125,2467.375,2316.625,1924.5,30.6,44.47
5.1,1589.0,1470.375,1657.125,2072.125,2003.125,1837.75,629.375,2478.0,2329.875,1936.625,30.6,44.58
5.2,1592.875,1484.75,1657.625,2078.625,2011.0,1845.875,631.625,2488.875,2343.0,1949.0,30.58,44.73
5.3,1596.75,1499.125,1658.25,2085.375,2018.875,1853.75,634.0,2499.875,2356.0,1961.0,30.6,44.77
5.4,1601.125,1513.625,1659.0,2092.25,2026.875,1861.625,636.875,2511.25,2369.0,1973.25,30.58,44.88
5.5,1605.5,1528.5,1659.625,2099.5,2034.875,1869.125,639.5,2522.875,2381.875,1985.5,30.6,45.02
5.6,1610.0,1543.25,1660.375,2106.875,2042.875,1876.375,642.125,2534.5,2394.625,1997.625,30.56,45.11
5.7,1614.875,1558.125,1661.125,2114.375,2050.875,1883.625,644.875,2546.375,2407.375,2009.75,30.58,45.25
5.8,1619.875,1573.125,1662.0,2122.125,2058.875,1890.375,648.125,2558.625,2419.875,2021.875,30.58,45.33
5.9,1624.875,1588.0,1662.75,2130.0,2066.75,1896.875,651.25,2570.75,2432.125,2033.875,30.58,45.44
6.0,1630.25,1603.125,1663.625,2138.125,2074.75,1903.5,654.25,2583.125,2444.5,2045.625,30.6,45.56
6.1,1635.875,1618.125,1664.5,2146.375,2082.5,1909.75,657.625,2595.5,2456.5,2057.625,30.6,45.67
6.2,1641.375,1633.0,1665.375,2154.625,2090.125,1915.625,661.25,2608.0,2468.25,2069.25,30.6,45.78
6.3,1647.25,1647.75,1666.375,2163.125,2097.875,1921.375,664.75,2620.625,2480.0,2080.875,30.61,45.87
6.4,1653.375,1662.5,1667.375,2171.625,2105.25,1927.0,668.125,2633.25,2491.5,2092.625,30.58,45.97
6.5,1659.5,1677.125,1668.375,2180.375,2112.625,1932.125,672.0,2645.875,2502.75,2103.875,30.6,46.09
6.6,1665.75,1691.625,1669.375,2189.125,2119.875,1937.375,675.875,2658.625,2514.0,2115.125,30.6,46.2
6.7,1672.25,1706.125,1670.5,2198.0,2126.875,1942.375,679.75,2671.125,2525.0,2126.375,30.58,46.29
6.8,1678.75,1720.375,1671.5,2206.875,2133.875,1947.125,683.75,2683.625,2535.5,2137.125,30.6,46.41
6.9,1685.375,1734.5,1672.5,2215.75,2140.625,1951.75,688.125,2696.125,2546.125,2147.75,30.6,46.49
7.0,1692.25,1748.5,1673.75,2224.75,2147.125,1956.375,692.375,2708.625,2556.5,2158.375,30.6,46.62
7.1,1699.125,1762.375,1674.875,2233.625,2153.5,1960.625,696.5,2720.875,2566.625,2168.75,30.6,46.68
7.2,1706.0,1776.0,1675.875,2242.625,2159.875,1964.75,701.0,2733.125,2576.75,2178.875,30.6,46.79
7.3,1713.25,1789.375,1677.125,2251.5,2165.875,1968.75,705.625,2745.25,2586.625,2189.0,30.6,46.91
7.4,1720.25,1802.625,1678.375,2260.375,2171.875,1972.375,710.125,2757.25,2596.375,2198.875,30.61,46.99
7.5,1727.5,1815.75,1679.5,2269.375,2177.625,1976.0,714.75,2769.125,2605.875,2208.375,30.61,47.1
7.6,1734.875,1828.625,1680.75,2278.25,2183.25,1979.625,719.5,2780.75,2615.375,2217.875,30.6,47.22
7.7,1742.25,1841.25,1682.0,2287.0,2188.625,1983.0,724.375,2792.25,2624.5,2227.125,30.6,47.33
7.8,1749.5,1853.875,1683.125,2295.75,2193.875,1986.375,729.125,2803.625,2633.5,2236.25,30.6,47.34
7.9,1757.0,1866.125,1684.375,2304.5,2199.0,1989.75,734.125,2815.0,2642.375,2245.25,30.6,47.48
8.0,1764.375,1878.125,1685.625,2313.0,2203.875,1992.75,739.25,2826.0,2650.875,2254.125,30.58,47.53
8.1,1771.875,1890.25,1686.75,2321.625,2208.75,1995.75,744.25,2836.875,2659.25,2262.75,30.58,47.63
8.2,1779.25,1901.75,1688.0,2329.875,2213.375,1998.625,749.25,2847.5,2667.625,2271.0,30.63,47.75
8.3,1786.75,1913.375,1689.25,2338.25,2217.875,2001.5,754.375,2858.0,2675.625,2279.25,30.6,47.8
8.4,1794.125,1924.75,1690.375,2346.625,2222.375,2004.125,759.75,2868.375,2683.75,2287.375,30.58,47.92
8.5,1801.5,1935.75,1691.5,2354.625,2226.625,2006.75,765.0,2878.375,2691.5,2295.125,30.58,48.01
8.6,1809.0,1946.625,1692.75,2362.625,2230.75,2009.375,770.125,2888.375,2699.375,2302.875,30.6,48.08
8.7,1816.25,1957.5,1693.875,2370.75,2234.75,2011.75,775.625,2898.0,2706.875,2310.5,30.6,48.18
8.8,1823.5,1968.0,1695.0,2378.375,2238.5,2014.125,780.875,2907.5,2714.25,2317.625,30.6,48.25
8.9,1830.75,1978.375,1696.25,2386.125,2242.25,2016.375,786.25,2916.75,2721.625,2324.875,30.6,48.31
9.0,1838.0,1988.625,1697.375,2393.75,2245.75,2018.625,791.75,2925.875,2728.75,2331.875,30.61,48.41
9.1,1845.0,1998.625,1698.5,2401.125,2249.25,2020.75,797.125,2934.75,2735.75,2338.5,30.58,48.45
9.2,1852.25,2008.5,1699.75,2408.5,2252.625,2022.875,802.75,2943.375,2742.625,2345.25,30.61,48.53
9.3,1859.25,2018.375,1700.875,2415.75,2255.875,2024.875,807.875,2951.875,2749.25,2351.875,30.58,48.6
9.4,1866.125,2027.875,1702.0,2422.75,2259.0,2026.75,813.75,2960.25,2755.875,2358.25,30.63,48.7
9.5,1873.125,2037.25,1703.125,2429.75,2262.0,2028.75,819.125,2968.375,2762.375,2364.5,30.61,48.77
9.6,1880.0,2046.5,1704.25,2436.625,2265.0,2030.5,824.625,2976.375,2768.625,2370.75,30.6,48.84
9.7,1886.625,2055.625,1705.25,2443.375,2267.875,2032.125,830.0,2984.125,2774.75,2376.75,30.63,48.92
9.8,1893.375,2064.375,1706.375,2450.0,2270.75,2033.875,835.625,2991.625,2780.875,2382.5,30.63,48.97
9.9,1900.0,2073.25,1707.625,2456.5,2273.375,2035.5,841.125,2999.125,2786.875,2388.375,30.61,49.02
10.0,1906.375,2081.875,1708.625,2462.75,2276.0,2037.0,846.375,3006.375,2792.625,2393.875,30.61,49.08
10.1,1912.875,2090.25,1709.625,2469.125,2278.5,2038.625,852.25,3013.5,2798.5,2399.25,30.6,49.13
10.2,1919.375,2098.5,1710.75,2475.25,2280.875,2040.0,857.75,3020.375,2803.875,2404.625,30.61,49.19
10.3,1925.625,2106.75,1711.75,2481.375,2283.25,2041.375,862.875,3027.125,2809.375,2409.875,30.61,49.28
10.4,1931.75,2114.5,1712.75,2487.25,2285.375,2042.875,868.625,3033.875,2814.75,2414.875,30.61,49.34
10.5,1938.0,2122.375,1713.75,2493.125,2287.5,2044.25,874.25,3040.25,2819.875,2420.0,30.6,49.43
10.6,1943.875,2130.125,1714.75,2498.875,2289.75,2045.5,879.5,3046.625,2825.0,2425.0,30.61,49.5
10.7,1949.875,2137.5,1715.625,2504.5,2291.75,2046.875,884.875,3052.875,2829.875,2429.625,30.63,49.54
10.8,1955.875,2144.875,1716.625,2510.0,2293.75,2048.125,890.375,3058.875,2834.875,2434.375,30.64,49.6
10.9,1961.625,2152.125,1717.625,2515.5,2295.625,2049.25,895.875,3064.75,2839.625,2439.125,30.61,49.64
11.0,1967.25,2159.25,1718.5,2520.875,2297.5,2050.375,901.0,3070.5,2844.375,2443.375,30.61,49.7
11.1,1973.0,2166.25,1719.5,2526.0,2299.375,2051.75,906.625,3076.125,2849.0,2447.75,30.61,49.74
11.2,1978.5,2173.0,1720.5,2531.125,2301.125,2052.75,912.0,3081.625,2853.375,2452.125,30.63,49.81
11.3,1983.875,2179.625,1721.375,2536.125,2303.0,2053.875,917.0,3087.0,2857.75,2456.125,30.6,49.89
11.4,1989.25,2186.125,1722.25,2541.0,2304.625,2055.0,922.5,3092.25,2862.125,2460.125,30.58,49.88
11.5,1994.625,2192.5,1723.25,2545.875,2306.25,2055.875,927.75,3097.375,2866.25,2464.25,30.61,49.91
11.6,1999.75,2198.875,1724.0,2550.625,2307.875,2057.0,932.875,3102.375,2870.375,2468.125,30.61,50.04
11.7,2004.875,2204.875,1724.875,2555.25,2309.375,2058.0,938.25,3107.125,2874.5,2471.875,30.63,50.08
11.8,2010.0,2211.0,1725.875,2559.875,2310.75,2058.875,943.5,3111.875,2878.375,2475.75,30.61,50.12
11.9,2015.0,2217.0,1726.625,2564.5,2312.25,2059.75,948.625,3116.625,2882.375,2479.375,30.61,50.12
12.0,2019.75,2222.625,1727.375,2568.75,2313.5,2060.625,953.625,3121.0,2886.125,2482.875,30.6,50.23
12.1,2024.625,2228.375,1728.25,2573.125,2314.875,2061.625,959.0,3125.375,2889.875,2486.5,30.61,50.28
12.2,2029.375,2234.0,1729.0,2577.375,2316.25,2062.5,963.875,3129.75,2893.5,2490.0,30.61,50.29
12.3,2034.0,2239.375,1729.875,2581.375,2317.5,2063.25,968.625,3134.0,2897.25,2493.125,30.61,50.29
12.4,2038.75,2244.75,1730.625,2585.5,2318.75,2064.125,973.875,3138.125,2900.75,2496.625,30.6,50.38
12.5,2043.25,2250.125,1731.375,2589.5,2319.875,2064.75,978.875,3142.25,2904.125,2500.0,30.63,50.38
12.6,2047.625,2255.25,1732.125,2593.375,2321.0,2065.625,983.5,3146.25,2907.625,2503.0,30.64,50.45
12.7,2052.0,2260.25,1733.0,2597.125,2322.125,2066.375,988.625,3150.125,2911.0,2506.125,30.61,50.52
12.8,2056.375,2265.375,1733.75,2601.0,2323.25,2067.125,993.625,3153.875,2914.125,2509.375,30.64,50.53
12.9,2060.5,2270.25,1734.375,2604.625,2324.25,2067.875,998.25,3157.625,2917.5,2512.25,30.63,50.56
13.0,2064.625,2275.0,1735.25,2608.125,2325.25,2068.625,1003.25,3161.125,2920.625,2515.25,30.61,50.62
13.1,2068.875,2279.875,1736.0,2611.75,2326.25,2069.125,1007.875,3164.75,2923.625,2518.375,30.61,50.62
13.2,2072.75,2284.5,1736.625,2615.25,2327.375,2069.875,1012.375,3168.25,2926.75,2521.125,30.6,50.66
13.3,2076.75,2289.125,1737.25,2618.625,2328.25,2070.625,1017.125,3171.625,2929.75,2523.75,30.61,50.71
13.4,2080.75,2293.75,1738.125,2622.0,2329.25,2071.25,1021.875,3175.0,2932.625,2526.75,30.61,50.75
13.5,2084.5,2298.125,1738.75,2625.375,2330.375,2071.875,1026.25,3178.25,2935.375,2529.375,30.61,50.81
13.6,2088.25,2302.5,1739.375,2628.5,2331.125,2072.625,1031.0,3181.5,2938.375,2532.0,30.6,50.81
13.7,2092.0,2306.875,1740.125,2631.75,2332.125,2073.25,1035.5,3184.625,2941.0,2534.625,30.63,50.8
13.8,2095.625,2311.0,1740.75,2634.75,2333.0,2073.875,1039.75,3187.625,2943.75,2537.25,30.61,50.82
13.9,2099.25,2315.125,1741.25,2637.75,2333.875,2074.5,1044.25,3190.625,2946.5,2539.625,30.6,50.86
14.0,2102.875,2319.25,1742.0,2640.75,2334.625,2075.125,1048.75,3193.5,2949.125,2542.25,30.63,50.93
14.1,2106.25,2323.375,1742.625,2643.75,2335.375,2075.625,1052.875,3196.375,2951.5,2544.75,30.61,50.98
14.2,2109.75,2327.25,1743.25,2646.625,2336.125,2076.125,1057.375,3199.125,2954.125,2547.0,30.6,50.97
14.3,2113.125,2331.125,1743.875,2649.375,2336.875,2076.75,1061.75,3201.875,2956.625,2549.5,30.61,51.03
14.4,2116.375,2335.0,1744.5,2652.125,2337.625,2077.25,1065.625,3204.5,2959.0,2551.875,30.58,51.0
14.5,2119.625,2338.625,1745.0,2654.875,2338.5,2077.75,1070.125,3207.125,2961.5,2554.125,30.61,51.09
14.6,2122.875,2342.375,1745.75,2657.5,2339.125,2078.375,1074.25,3209.625,2963.875,2556.375,30.61,51.12
14.7,2126.125,2346.0,1746.375,2660.125,2339.75,2078.875,1078.25,3212.25,2966.125,2558.75,30.61,51.12
14.8,2129.125,2349.625,1746.875,2662.625,2340.5,2079.375,1082.5,3214.75,2968.5,2560.875,30.61,51.12
14.9,2132.25,2353.125,1747.5,2665.125,2341.125,2079.875,1086.375,3217.125,2970.75,2563.0,30.6,51.15
15.0,2135.25,2356.625,1748.125,2667.75,2341.875,2080.25,1090.25,3219.625,2973.0,2565.375,30.63,51.19
15.1,2138.25,2360.125,1748.625,2670.25,2342.5,2080.75,1094.5,3222.0,2975.125,2567.375,30.61,51.22
15.2,2141.125,2363.375,1749.125,2672.5,2343.125,2081.25,1098.375,3224.25,2977.375,2569.375,30.61,51.23
15.3,2144.125,2366.75,1749.75,2674.875,2343.75,2081.75,1102.0,3226.375,2979.375,2571.5,30.6,51.24
15.4,2146.875,2370.0,1750.25,2677.25,2344.375,2082.125,1106.0,3228.75,2981.5,2573.5,30.61,51.28
15.5,2149.625,2373.125,1750.875,2679.5,2345.0,2082.5,1109.625,3230.875,2983.625,2575.375,30.6,51.3
15.6,2152.375,2376.375,1751.5,2681.75,2345.5,2083.0,1113.25,3233.0,2985.5,2577.375,30.61,51.31
15.7,2155.125,2379.5,1752.0,2684.0,2346.125,2083.25,1117.125,3235.125,2987.5,2579.5,30.63,51.36
15.8,2157.75,2382.5,1752.5,2686.125,2346.75,2083.75,1120.75,3237.25,2989.5,2581.25,30.61,51.35
15.9,2160.375,2385.625,1753.0,2688.125,2347.25,2084.25,1124.25,3239.25,2991.375,2583.125,30.61,51.37
16.0,2163.0,2388.625,1753.5,2690.25,2347.875,2084.5,1128.0,3241.25,2993.25,2585.125,30.6,51.42
16.1,2165.5,2391.625,1754.0,2692.25,2348.5,2085.0,1131.5,3243.25,2995.25,2586.875,30.61,51.43
16.2,2168.0,2394.375,1754.625,2694.25,2349.0,2085.375,1134.875,3245.25,2997.125,2588.625,30.61,51.43
16.3,2170.5,2397.375,1755.0,2696.375,2349.625,2085.75,1138.625,3247.125,2998.875,2590.625,30.61,51.47
16.4,2173.0,2400.125,1755.5,2698.25,2350.125,2086.125,1142.0,3249.0,3000.75,2592.25,30.64,51.51
16.5,2175.375,2402.875,1756.0,2700.125,2350.625,2086.625,1145.125,3250.75,3002.5,2594.0,30.61,51.55
16.6,2177.75,2405.625,1756.625,2702.125,2351.125,2087.0,1148.75,3252.625,3004.25,2595.875,30.63,51.55
16.7,2180.0,2408.25,1757.0,2703.875,2351.625,2087.375,1151.875,3254.375,3006.0,2597.5,30.6,51.51
16.8,2182.375,2410.75,1757.5,2705.75,2352.125,2087.875,1155.25,3256.0,3007.75,2599.125,30.58,51.56
16.9,2184.625,2413.5,1758.0,2707.625,2352.75,2088.125,1158.5,3257.75,3009.375,2601.0,30.61,51.55
17.0,2186.875,2416.0,1758.375,2709.375,2353.375,2088.5,1161.625,3259.5,3011.0,2602.625,30.63,51.6
17.1,2189.125,2418.375,1758.875,2711.125,2353.75,2089.0,1164.75,3261.125,3012.75,2604.25,30.61,51.6
17.2,2191.25,2420.875,1759.375,2712.875,2354.25,2089.375,1168.25,3262.75,3014.375,2606.0,30.61,51.6
17.3,2193.375,2423.375,1759.75,2714.625,2354.625,2089.625,1171.25,3264.25,3015.875,2607.5,30.61,51.62
17.4,2195.5,2425.75,1760.25,2716.25,2355.125,2090.0,1174.5,3265.75,3017.625,2609.0,30.6,51.65
17.5,2197.625,2428.125,1760.75,2717.875,2355.5,2090.375,1177.5,3267.375,3019.125,2610.625,30.63,51.67
17.6,2199.625,2430.5,1761.125,2719.5,2356.0,2090.5,1180.375,3268.875,3020.625,2612.25,30.61,51.67
17.7,2201.625,2432.875,1761.5,2721.125,2356.375,2091.0,1183.5,3270.375,3022.25,2613.5,30.63,51.71
17.8,2203.75,2435.125,1762.0,2722.625,2356.75,2091.375,1186.5,3271.75,3023.625,2615.0,30.63,51.71
17.9,2205.75,2437.5,1762.5,2724.25,2357.25,2091.625,1189.25,3273.25,3025.0,2616.75,30.63,51.75
18.0,2207.625,2439.75,1762.75,2725.75,2357.625,2092.0,1192.25,3274.75,3026.5,2618.0,30.61,51.75
18.1,2209.625,2441.875,1763.375,2727.25,2358.125,2092.375,1195.0,3276.25,3028.0,2619.5,30.63,51.76
18.2,2211.5,2444.25,1763.75,2728.75,2358.5,2092.75,1197.75,3277.625,3029.375,2621.125,30.61,51.75
18.3,2213.25,2446.375,1764.125,2730.25,2359.0,2093.0,1201.0,3279.125,3030.875,2622.375,30.63,51.79
18.4,2215.125,2448.375,1764.625,2731.625,2359.25,2093.5,1203.5,3280.375,3032.25,2623.75,30.63,51.81
18.5,2217.0,2450.5,1765.0,2733.125,2359.625,2093.75,1206.375,3281.75,3033.5,2625.375,30.63,51.79
18.6,2218.75,2452.75,1765.375,2734.5,2360.125,2094.0,1209.125,3283.125,3035.0,2626.625,30.61,51.84
18.7,2220.625,2454.625,1765.875,2735.875,2360.375,2094.375,1211.75,3284.375,3036.375,2627.875,30.61,51.84
18.8,2222.375,2456.75,1766.375,2737.25,2360.75,2094.625,1214.375,3285.75,3037.625,2629.5,30.61,51.81
18.9,2224.0,2458.75,1766.625,2738.625,2361.25,2094.75,1217.25,3287.0,3038.875,2630.75,30.63,51.85
19.0,2225.75,2460.75,1767.0,2740.0,2361.375,2095.125,1219.625,3288.25,3040.375,2631.875,30.61,51.9
19.1,2227.5,2462.75,1767.5,2741.25,2361.75,2095.375,1222.375,3289.375,3041.5,2633.375,30.63,51.88
19.2,2229.125,2464.75,1767.875,2742.625,2362.25,2095.625,1224.875,3290.5,3042.875,2634.625,30.63,51.89
19.3,2230.75,2466.5,1768.25,2743.875,2362.625,2096.0,1227.25,3291.75,3044.125,2635.75,30.61,51.93
19.4,2232.375,2468.375,1768.75,2745.125,2362.875,2096.375,1230.0,3292.875,3045.375,2637.125,30.63,51.9
19.5,2233.875,2470.375,1769.125,2746.5,2363.25,2096.5,1232.375,3294.125,3046.625,2638.5,30.63,51.93
19.6,2235.5,2472.125,1769.5,2747.625,2363.75,2096.875,1234.75,3295.375,3047.75,2639.5,30.6,51.94
19.7,2237.125,2474.0,1769.875,2748.875,2364.0,2097.125,1237.375,3296.5,3049.0,2640.875,30.64,51.93
19.8,2238.75,2475.875,1770.25,2750.25,2364.375,2097.375,1239.625,3297.75,3050.125,2642.125,30.63,51.95
19.9,2240.125,2477.625,1770.5,2751.375,2364.75,2097.625,1242.0,3298.875,3051.375,2643.25,30.63,51.96
20.0,2241.75,2479.25,1771.0,2752.5,2365.0,2098.0,1244.375,3300.0,3052.625,2644.375,30.61,51.96
20.1,2243.25,2481.125,1771.375,2753.75,2365.375,2098.125,1246.75,3301.125,3053.625,2645.75,30.63,52.0
20.2,2244.75,2482.875,1771.625,2755.0,2365.75,2098.375,1249.0,3302.125,3054.875,2646.75,30.63,52.0
20.3,2246.25,2484.5,1772.125,2756.0,2366.125,2098.75,1251.25,3303.25,3056.0,2647.875,30.63,52.0
20.4,2247.75,2486.25,1772.5,2757.25,2366.375,2099.0,1253.375,3304.25,3057.125,2649.125,30.63,51.99
20.5,2249.125,2487.875,1772.75,2758.375,2366.75,2099.25,1256.0,3305.25,3058.25,2650.25,30.63,51.98
20.6,2250.625,2489.375,1773.125,2759.5,2367.125,2099.625,1258.125,3306.375,3059.375,2651.375,30.63,52.01
20.7,2252.0,2491.125,1773.625,2760.5,2367.375,2099.75,1260.375,3307.375,3060.5,2652.625,30.63,52.01
20.8,2253.375,2492.75,1773.75,2761.625,2367.75,2100.0,1262.375,3308.375,3061.5,2653.75,30.61,52.05
20.9,2254.75,2494.25,1774.25,2762.625,2368.0,2100.375,1264.5,3309.375,3062.625,2654.75,30.63,52.09
21.0,2256.25,2495.75,1774.625,2763.75,2368.375,2100.75,1266.875,3310.25,3063.625,2655.875,30.61,52.03
21.1,2257.5,2497.5,1774.875,2764.875,2368.75,2100.875,1268.875,3311.25,3064.625,2657.0,30.61,52.04
21.2,2258.875,2499.0,1775.25,2765.875,2369.0,2101.25,1271.0,3312.25,3065.75,2658.0,30.63,52.09
21.3,2260.125,2500.5,1775.625,2766.875,2369.375,2101.625,1273.0,3313.25,3066.875,2659.125,30.64,52.06
21.4,2261.5,2502.125,1775.875,2768.0,2369.625,2101.75,1274.875,3314.25,3067.75,2660.375,30.63,52.1
21.5,2262.75,2503.5,1776.25,2768.875,2370.0,2102.0,1276.875,3315.125,3068.875,2661.25,30.64,52.12
21.6,2264.125,2505.0,1776.625,2769.875,2370.25,2102.375,1279.0,3316.125,3069.875,2662.25,30.63,52.13
21.7,2265.375,2506.5,1776.875,2770.875,2370.625,2102.5,1280.875,3317.0,3070.75,2663.5,30.61,52.08
21.8,2266.5,2508.0,1777.125,2771.875,2370.875,2102.75,1283.125,3318.0,3071.875,2664.375,30.61,52.13
21.9,2267.875,2509.375,1777.5,2772.75,2371.25,2103.0,1284.875,3318.875,3072.875,2665.375,30.63,52.18
22.0,2269.0,2510.875,1777.875,2773.75,2371.5,2103.125,1286.75,3319.75,3073.75,2666.5,30.63,52.14
22.1,2270.25,2512.375,1778.125,2774.75,2371.75,2103.375,1288.75,3320.625,3074.75,2667.375,30.61,52.14
22.2,2271.5,2513.625,1778.5,2775.625,2372.0,2103.75,1290.5,3321.5,3075.75,2668.375,30.6,52.16
22.3,2272.625,2515.125,1778.875,2776.625,2372.25,2103.75,1292.5,3322.375,3076.625,2669.5,30.64,52.16
22.4,2273.75,2516.625,1779.0,2777.5,2372.5,2104.0,1294.375,3323.25,3077.625,2670.5,30.61,52.16
22.5,2275.0,2517.875,1779.375,2778.375,2372.75,2104.25,1295.75,3324.125,3078.625,2671.375,30.61,52.18
22.6,2276.125,2519.25,1779.75,2779.25,2373.125,2104.625,1297.75,3325.0,3079.5,2672.5,30.64,52.21
22.7,2277.25,2520.75,1780.0,2780.25,2373.5,2104.75,1299.5,3325.75,3080.5,2673.375,30.61,52.23
22.8,2278.375,2522.0,1780.25,2781.125,2373.75,2105.125,1301.25,3326.625,3081.375,2674.25,30.6,52.13
22.9,2279.5,2523.375,1780.75,2782.0,2373.875,2105.375,1303.125,3327.375,3082.25,2675.25,30.61,52.19
23.0,2280.625,2524.75,1780.875,2782.875,2374.375,2105.5,1304.625,3328.25,3083.125,2676.25,30.6,52.18
23.1,2281.625,2526.0,1781.125,2783.625,2374.625,2105.875,1306.625,3329.0,3084.125,2677.0,30.61,52.18
23.2,2282.75,2527.25,1781.625,2784.5,2374.75,2106.125,1308.25,3329.875,3085.0,2678.125,30.6,52.23
23.3,2283.875,2528.5,1781.75,2785.375,2375.125,2106.25,1310.0,3330.625,3085.75,2679.125,30.63,52.23
23.4,2284.875,2529.875,1782.0,2786.25,2375.375,2106.5,1311.5,3331.375,3086.75,2679.875,30.63,52.24
23.5,2286.0,2531.125,1782.375,2787.0,2375.625,2106.75,1313.125,3332.125,3087.625,2680.875,30.63,52.17
23.6,2287.0,2532.375,1782.75,2787.875,2375.875,2107.0,1314.875,3333.0,3088.375,2681.875,30.61,52.21
23.7,2288.0,2533.625,1783.0,2788.75,2376.25,2107.125,1316.375,3333.875,3089.25,2682.625,30.61,52.27
23.8,2289.125,2534.75,1783.25,2789.5,2376.5,2107.5,1317.875,3334.5,3090.125,2683.5,30.61,52.23
23.9,2290.125,2536.125,1783.625,2790.375,2376.875,2107.625,1319.625,3335.375,3091.0,2684.625,30.61,52.29
24.0,2291.125,2537.375,1783.75,2791.125,2377.25,2107.75,1321.0,3336.125,3091.75,2685.375,30.64,52.25
24.1,2292.125,2538.625,1784.125,2791.875,2377.5,2108.0,1322.75,3336.875,3092.625,2686.25,30.61,52.23
24.2,2293.125,2539.75,1784.375,2792.75,2377.75,2108.25,1324.125,3337.5,3093.375,2687.375,30.6,52.23
24.3,2294.125,2541.125,1784.625,2793.5,2378.0,2108.375,1325.75,3338.25,3094.25,2688.125,30.64,52.26
24.4,2295.125,2542.25,1784.875,2794.25,2378.25,2108.625,1327.375,3339.0,3095.125,2688.875,30.61,52.24
24.5,2296.125,2543.375,1785.25,2795.0,2378.5,2108.875,1328.75,3339.625,3095.875,2689.875,30.63,52.32
24.6,2297.0,2544.625,1785.5,2795.875,2378.75,2109.0,1330.375,3340.375,3096.625,2690.625,30.61,52.31
24.7,2298.0,2545.625,1785.75,2796.5,2379.125,2109.25,1331.625,3341.0,3097.5,2691.375,30.63,52.31
24.8,2298.875,2546.875,1786.125,2797.25,2379.25,2109.5,1333.0,3341.75,3098.25,2692.375,30.63,52.31
24.9,2299.875,2548.125,1786.25,2798.0,2379.625,2109.625,1334.5,3342.375,3099.0,2693.125,30.63,52.31
25.0,2300.75,2549.25,1786.5,2798.75,2379.875,2109.875,1335.875,3343.125,3099.875,2693.875,30.6,52.33
25.1,2301.75,2550.25,1786.875,2799.375,2380.0,2110.0,1337.125,3343.75,3100.625,2694.75,30.63,52.32
25.2,2302.625,2551.5,1787.125,2800.125,2380.25,2110.125,1338.625,3344.5,3101.375,2695.625,30.6,52.32
25.3,2303.5,2552.625,1787.25,2800.875,2380.625,2110.375,1340.0,3345.125,3102.125,2696.25,30.61,52.32
25.4,2304.5,2553.625,1787.625,2801.5,2380.75,2110.625,1341.375,3345.75,3102.875,2697.125,30.64,52.35
25.5,2305.375,2554.75,1787.75,2802.25,2380.875,2110.75,1342.5,3346.375,3103.625,2698.0,30.63,52.38
25.6,2306.25,2555.875,1788.0,2803.0,2381.25,2110.875,1343.875,3347.125,3104.375,2698.75,30.63,52.37
25.7,2307.125,2556.875,1788.375,2803.625,2381.375,2111.125,1345.25,3347.625,3105.125,2699.375,30.6,52.37
25.8,2308.0,2558.125,1788.625,2804.25,2381.625,2111.25,1346.5,3348.375,3105.875,2700.375,30.61,52.36
25.9,2308.75,2559.25,1788.75,2805.125,2382.0,2111.375,1347.875,3349.0,3106.625,2701.125,30.63,52.38
26.0,2309.625,2560.25,1789.0,2805.625,2382.25,2111.75,1349.125,3349.625,3107.375,2701.75,30.64,52.39
26.1,2310.5,2561.375,1789.375,2806.5,2382.5,2111.875,1350.25,3350.25,3108.0,2702.75,30.63,52.37
26.2,2311.25,2562.5,1789.5,2807.125,2382.875,2112.0,1351.875,3350.875,3108.75,2703.5,30.63,52.37
26.3,2312.125,2563.5,1789.75,2807.75,2383.0,2112.25,1352.875,3351.5,3109.5,2704.125,30.61,52.38
26.4,2313.0,2564.5,1790.125,2808.375,2383.25,2112.375,1354.25,3352.125,3110.125,2705.125,30.64,52.34
26.5,2313.75,2565.625,1790.25,2809.0,2383.625,2112.5,1355.375,3352.75,3110.75,2705.875,30.64,52.44
26.6,2314.5,2566.5,1790.5,2809.625,2383.875,2112.75,1356.5,3353.375,3111.625,2706.625,30.6,52.38
26.7,2315.375,2567.625,1790.875,2810.25,2384.0,2113.0,1357.875,3354.0,3112.25,2707.5,30.63,52.36
26.8,2316.125,2568.625,1791.0,2810.875,2384.375,2113.125,1359.0,3354.625,3112.875,2708.25,30.63,52.41
26.9,2316.875,2569.625,1791.25,2811.375,2384.5,2113.375,1360.375,3355.125,3113.625,2708.875,30.63,52.41
27.0,2317.75,2570.625,1791.5,2812.0,2384.75,2113.625,1361.5,3355.75,3114.375,2709.625,30.61,52.38
27.1,2318.5,2571.75,1791.75,2812.625,2385.0,2113.75,1362.5,3356.375,3115.0,2710.5,30.63,52.45
27.2,2319.25,2572.75,1791.875,2813.25,2385.25,2114.0,1363.875,3356.875,3115.625,2711.0,30.63,52.42
27.3,2320.125,2573.625,1792.25,2813.875,2385.375,2114.25,1364.75,3357.5,3116.375,2711.625,30.64,52.41
27.4,2320.75,2574.75,1792.375,2814.375,2385.625,2114.375,1366.125,3358.125,3117.0,2712.5,30.63,52.42
27.5,2321.5,2575.625,1792.625,2815.125,2385.875,2114.5,1367.25,3358.625,3117.75,2713.125,30.64,52.4
27.6,2322.375,2576.625,1792.875,2815.625,2386.0,2114.625,1368.25,3359.125,3118.375,2713.75,30.63,52.42
27.7,2323.125,2577.625,1793.125,2816.25,2386.25,2114.75,1369.375,3359.75,3119.0,2714.5,30.63,52.48
27.8,2323.875,2578.5,1793.25,2816.875,2386.5,2115.0,1370.375,3360.25,3119.625,2715.125,30.64,52.4
27.9,2324.625,2579.375,1793.5,2817.375,2386.625,2115.25,1371.625,3360.75,3120.375,2715.75,30.63,52.45
28.0,2325.375,2580.375,1793.75,2818.0,2386.875,2115.5,1372.625,3361.25,3121.0,2716.5,30.61,52.42
28.1,2326.0,2581.375,1794.0,2818.625,2387.125,2115.625,1373.875,3361.875,3121.625,2717.25,30.63,52.45
28.2,2326.75,2582.125,1794.125,2819.125,2387.25,2115.875,1374.875,3362.375,3122.25,2717.75,30.63,52.41
28.3,2327.5,2583.125,1794.5,2819.75,2387.5,2116.125,1375.625,3362.875,3122.875,2718.625,30.64,52.44
28.4,2328.25,2584.0,1794.625,2820.25,2387.75,2116.125,1377.0,3363.5,3123.5,2719.25,30.64,52.46
28.5,2329.0,2584.875,1794.875,2820.875,2387.875,2116.375,1377.75,3364.0,3124.125,2719.75,30.61,52.46
28.6,2329.75,2585.75,1795.0,2821.375,2388.0,2116.625,1379.0,3364.5,3124.625,2720.375,30.61,52.46
28.7,2330.375,2586.75,1795.25,2822.0,2388.375,2116.625,1380.0,3365.0,3125.125,2721.25,30.63,52.5
28.8,2331.0,2587.625,1795.5,2822.625,2388.5,2116.875,1380.875,3365.625,3125.875,2721.75,30.63,52.47
28.9,2331.75,2588.375,1795.75,2823.125,2388.625,2117.125,1381.875,3366.125,3126.5,2722.375,30.66,52.46
29.0,2332.375,2589.375,1795.875,2823.625,2388.875,2117.25,1382.875,3366.625,3127.0,2723.25,30.63,52.46
29.1,2333.0,2590.25,1796.0,2824.25,2389.125,2117.5,1384.0,3367.25,3127.625,2723.75,30.64,52.5
29.2,2333.75,2591.0,1796.25,2824.75,2389.25,2117.75,1384.875,3367.625,3128.25,2724.375,30.64,52.49
29.3,2334.375,2592.0,1796.625,2825.25,2389.5,2117.875,1385.75,3368.125,3128.75,2725.125,30.64,52.5
29.4,2335.0,2592.75,1796.625,2825.875,2389.75,2118.0,1386.875,3368.625,3129.375,2725.625,30.64,52.49
29.5,2335.75,2593.625,1796.875,2826.25,2390.0,2118.25,1387.75,3369.125,3130.125,2726.25,30.64,52.51
29.6,2336.375,2594.5,1797.125,2826.875,2390.25,2118.375,1388.875,3369.625,3130.625,2727.0,30.64,52.54
29.7,2337.0,2595.375,1797.375,2827.375,2390.5,2118.5,1389.5,3370.125,3131.25,2727.625,30.64,52.51
29.8,2337.625,2596.125,1797.5,2827.875,2390.75,2118.875,1390.375,3370.5,3131.875,2728.125,30.61,52.52
29.9,2338.25,2597.0,1797.75,2828.375,2390.875,2119.0,1391.5,3371.0,3132.375,2729.0,30.63,52.55
30.0,2339.0,2597.875,1798.0,2828.875,2391.125,2119.125,1392.375,3371.5,3132.875,2729.5,30.64,52.48
30.1,2339.625,2598.625,1798.125,2829.25,2391.375,2119.5,1393.375,3372.0,3133.625,2730.125,30.66,52.53
30.2,2340.25,2599.375,1798.5,2829.75,2391.5,2119.625,1394.25,3372.5,3134.0,2730.875,30.64,52.54
30.3,2340.875,2600.375,1798.5,2830.25,2391.75,2119.75,1395.25,3373.0,3134.625,2731.5,30.64,52.52
30.4,2341.5,2601.125,1798.75,2830.75,2391.875,2120.0,1396.125,3373.5,3135.25,2732.0,30.64,52.5
30.5,2342.125,2601.875,1799.0,2831.125,2392.125,2120.125,1397.0,3373.875,3135.75,2732.625,30.64,52.5
30.6,2342.75,2602.875,1799.125,2831.625,2392.25,2120.25,1398.0,3374.375,3136.25,2733.375,30.64,52.51
30.7,2343.25,2603.5,1799.375,2832.125,2392.5,2120.5,1398.625,3374.75,3136.875,2733.75,30.66,52.53
30.8,2343.875,2604.375,1799.625,2832.5,2392.625,2120.75,1399.75,3375.125,3137.375,2734.375,30.64,52.51
30.9,2344.5,2605.25,1799.75,2833.125,2392.875,2120.75,1400.625,3375.625,3137.875,2735.125,30.66,52.54
31.0,2345.125,2606.0,1799.875,2833.5,2393.0,2121.125,1401.25,3376.125,3138.5,2735.5,30.64,52.51
31.1,2345.75,2606.75,1800.125,2833.875,2393.25,2121.25,1402.25,3376.625,3139.0,2736.125,30.64,52.54
31.2,2346.25,2607.625,1800.375,2834.375,2393.375,2121.375,1403.0,3377.0,3139.5,2736.75,30.64,52.55
31.3,2346.875,2608.375,1800.5,2834.875,2393.75,2121.5,1404.0,3377.5,3140.125,2737.25,30.64,52.56
31.4,2347.5,2609.125,1800.75,2835.25,2393.875,2121.75,1404.625,3377.875,3140.625,2737.75,30.64,52.54
31.5,2348.125,2610.0,1800.875,2835.75,2394.0,2121.875,1405.375,3378.375,3141.0,2738.375,30.63,52.54
31.6,2348.625,2610.875,1801.0,2836.25,2394.25,2122.0,1406.375,3378.75,3141.625,2738.875,30.67,52.57
31.7,2349.25,2611.5,1801.25,2836.625,2394.5,2122.25,1407.0,3379.125,3142.25,2739.25,30.66,52.57
31.8,2349.875,2612.375,1801.5,2837.125,2394.625,2122.5,1407.875,3379.625,3142.625,2740.0,30.63,52.57
31.9,2350.375,2613.125,1801.625,2837.625,2394.875,2122.5,1408.625,3380.125,3143.25,2740.625,30.64,52.55
32.0,2351.0,2613.875,1801.75,2838.0,2394.875,2122.75,1409.375,3380.5,3143.75,2741.0,30.66,52.55
32.1,2351.625,2614.625,1802.0,2838.375,2395.125,2122.875,1410.25,3380.875,3144.25,2741.625,30.66,52.59
32.2,2352.125,2615.375,1802.125,2838.875,2395.375,2123.0,1410.875,3381.375,3144.625,2742.25,30.64,52.55
32.3,2352.625,2616.125,1802.375,2839.25,2395.5,2123.25,1411.875,3381.75,3145.125,2742.5,30.64,52.55
32.4,2353.25,2616.875,1802.5,2839.625,2395.5,2123.375,1412.375,3382.125,3145.625,2743.125,30.64,52.52
32.5,2353.75,2617.625,1802.75,2840.125,2395.75,2123.5,1413.25,3382.5,3146.125,2743.75,30.66,52.59
32.6,2354.375,2618.375,1802.875,2840.5,2396.0,2123.625,1413.875,3382.875,3146.625,2744.125,30.63,52.59
32.7,2354.875,2619.125,1803.0,2840.875,2396.0,2123.875,1414.625,3383.25,3147.125,2744.625,30.64,52.58
32.8,2355.5,2619.875,1803.25,2841.375,2396.125,2124.0,1415.375,3383.625,3147.5,2745.25,30.68,52.58
32.9,2355.875,2620.5,1803.375,2841.75,2396.375,2124.125,1415.875,3384.0,3148.0,2745.75,30.64,52.58
33.0,2356.5,2621.25,1803.625,2842.125,2396.5,2124.5,1416.875,3384.375,3148.5,2746.25,30.64,52.56
33.1,2357.0,2622.0,1803.75,2842.625,2396.625,2124.625,1417.5,3384.625,3149.0,2746.875,30.64,52.58
33.2,2357.5,2622.75,1803.875,2843.0,2396.875,2124.75,1418.375,3385.125,3149.5,2747.25,30.64,52.59
33.3,2358.125,2623.375,1804.125,2843.375,2397.0,2125.0,1419.0,3385.375,3150.0,2747.625,30.66,52.6
33.4,2358.625,2624.125,1804.375,2843.75,2397.25,2125.125,1419.625,3385.75,3150.375,2748.375,30.66,52.57
33.5,2359.125,2624.875,1804.5,2844.25,2397.375,2125.125,1420.375,3386.125,3150.75,2748.75,30.64,52.61
33.6,2359.625,2625.5,1804.625,2844.5,2397.5,2125.375,1421.0,3386.5,3151.25,2749.25,30.64,52.58
33.7,2360.25,2626.125,1804.875,2845.0,2397.625,2125.5,1421.75,3386.875,3151.75,2749.75,30.66,52.6
33.8,2360.625,2626.875,1805.0,2845.375,2397.875,2125.625,1422.375,3387.25,3152.25,2750.375,30.66,52.58
33.9,2361.125,2627.5,1805.125,2845.75,2398.125,2125.875,1423.125,3387.625,3152.625,2750.625,30.67,52.59
34.0,2361.75,2628.25,1805.375,2846.125,2398.25,2126.0,1423.75,3388.0,3153.125,2751.25,30.64,52.61
34.1,2362.125,2629.0,1805.5,2846.625,2398.5,2126.25,1424.5,3388.375,3153.5,2751.875,30.66,52.59
34.2,2362.625,2629.75,1805.625,2846.875,2398.75,2126.375,1425.25,3388.75,3154.0,2752.25,30.66,52.63
34.3,2363.25,2630.25,1805.875,2847.25,2398.75,2126.5,1425.625,3389.125,3154.5,2752.75,30.66,52.64
34.4,2363.625,2631.125,1806.0,2847.625,2399.0,2126.625,1426.625,3389.5,3154.875,2753.375,30.66,52.6
34.5,2364.125,2631.75,1806.125,2848.125,2399.25,2126.75,1427.125,3389.875,3155.375,2753.75,30.64,52.61
34.6,2364.625,2632.375,1806.375,2848.375,2399.375,2127.0,1427.875,3390.25,3155.75,2754.25,30.66,52.58
34.7,2365.125,2633.125,1806.5,2848.875,2399.5,2127.125,1428.5,3390.625,3156.125,2754.875,30.66,52.61
34.8,2365.625,2633.875,1806.5,2849.25,2399.75,2127.25,1429.0,3391.0,3156.625,2755.125,30.66,52.59
34.9,2366.125,2634.375,1806.875,2849.625,2399.875,2127.5,1429.75,3391.25,3157.125,2755.625,30.66,52.66
35.0,2366.625,2635.125,1807.0,2850.0,2400.0,2127.75,1430.25,3391.625,3157.5,2756.25,30.66,52.59
35.1,2367.0,2635.75,1807.0,2850.375,2400.25,2127.875,1431.125,3392.0,3157.875,2756.75,30.66,52.63
35.2,2367.5,2636.375,1807.25,2850.75,2400.375,2128.0,1431.5,3392.375,3158.375,2757.125,30.66,52.61
35.3,2368.0,2637.125,1807.5,2851.125,2400.5,2128.25,1432.25,3392.625,3158.75,2757.75,30.64,52.63
35.4,2368.375,2637.875,1807.5,2851.5,2400.75,2128.375,1432.875,3393.0,3159.125,2758.125,30.66,52.61
35.5,2368.875,2638.5,1807.625,2851.75,2400.75,2128.625,1433.5,3393.375,3159.625,2758.5,30.66,52.68
35.6,2369.375,2639.125,1807.875,2852.125,2401.0,2128.75,1434.125,3393.625,3160.0,2759.0,30.66,52.65
35.7,2369.75,2639.75,1808.0,2852.5,2401.125,2128.875,1434.625,3394.0,3160.5,2759.5,30.66,52.64
35.8,2370.125,2640.375,1808.125,2852.875,2401.375,2129.125,1435.5,3394.375,3160.875,2759.875,30.67,52.65
35.9,2370.75,2641.125,1808.375,2853.125,2401.5,2129.375,1435.75,3394.75,3161.375,2760.375,30.67,52.68
36.0,2371.125,2641.75,1808.5,2853.625,2401.625,2129.5,1436.5,3395.125,3161.75,2760.875,30.67,52.65
36.1,2371.5,2642.375,1808.625,2853.875,2401.875,2129.625,1437.125,3395.375,3162.25,2761.125,30.66,52.63
36.2,2372.0,2643.0,1808.875,2854.125,2402.0,2129.875,1437.75,3395.75,3162.625,2761.625,30.67,52.63
36.3,2372.5,2643.75,1809.0,2854.625,2402.25,2130.0,1438.375,3396.125,3163.0,2762.25,30.67,52.61
36.4,2372.875,2644.375,1809.125,2854.875,2402.375,2130.125,1438.75,3396.5,3163.375,2762.625,30.67,52.62
36.5,2373.375,2645.0,1809.25,2855.25,2402.375,2130.25,1439.5,3396.75,3163.75,2763.125,30.66,52.66
36.6,2373.875,2645.75,1809.5,2855.5,2402.5,2130.375,1440.0,3397.125,3164.125,2763.625,30.67,52.65
36.7,2374.25,2646.375,1809.5,2855.875,2402.75,2130.5,1440.875,3397.5,3164.625,2764.0,30.68,52.65
36.8,2374.625,2647.0,1809.75,2856.125,2402.875,2130.75,1441.0,3397.75,3165.0,2764.375,30.68,52.65
36.9,2375.125,2647.625,1809.875,2856.5,2403.0,2130.875,1441.625,3398.125,3165.375,2764.875,30.66,52.64
37.0,2375.5,2648.375,1810.0,2856.75,2403.125,2130.875,1442.25,3398.375,3165.75,2765.375,30.67,52.65
37.1,2376.0,2648.875,1810.125,2857.125,2403.25,2131.25,1442.75,3398.75,3166.125,2765.625,30.67,52.65
37.2,2376.375,2649.5,1810.375,2857.5,2403.375,2131.375,1443.375,3399.0,3166.5,2766.25,30.67,52.65
37.3,2376.75,2650.25,1810.375,2857.875,2403.625,2131.625,1443.625,3399.375,3166.875,2766.625,30.66,52.64
37.4,2377.25,2650.75,1810.5,2858.125,2403.75,2131.75,1444.25,3399.75,3167.25,2766.875,30.66,52.68
37.5,2377.75,2651.375,1810.75,2858.375,2403.875,2132.0,1444.625,3400.0,3167.625,2767.5,30.67,52.67
37.6,2378.0,2652.125,1810.875,2858.75,2404.125,2132.125,1445.375,3400.25,3167.875,2767.875,30.67,52.61
37.7,2378.5,2652.625,1811.0,2859.125,2404.25,2132.25,1445.75,3400.75,3168.25,2768.125,30.67,52.67
37.8,2379.0,2653.125,1811.125,2859.375,2404.375,2132.5,1446.375,3401.0,3168.75,2768.625,30.66,52.68
37.9,2379.375,2653.875,1811.25,2859.75,2404.625,2132.625,1446.875,3401.25,3169.125,2769.125,30.67,52.68
38.0,2379.75,2654.5,1811.375,2860.0,2404.75,2132.625,1447.25,3401.625,3169.5,2769.375,30.66,52.65
38.1,2380.25,2655.0,1811.5,2860.25,2404.75,2133.0,1448.0,3401.875,3169.875,2769.875,30.64,52.68
38.2,2380.625,2655.625,1811.75,2860.625,2404.875,2133.0,1448.125,3402.25,3170.25,2770.375,30.66,52.68
38.3,2381.0,2656.25,1811.75,2860.875,2405.125,2133.125,1448.875,3402.5,3170.625,2770.625,30.67,52.71
38.4,2381.5,2656.75,1811.875,2861.25,2405.125,2133.375,1449.25,3402.75,3171.0,2771.0,30.64,52.68
38.5,2381.875,2657.375,1812.125,2861.5,2405.25,2133.5,1449.875,3403.125,3171.25,2771.625,30.66,52.68
38.6,2382.125,2658.0,1812.125,2861.875,2405.5,2133.625,1450.25,3403.375,3171.625,2771.875,30.68,52.67
38.7,2382.625,2658.5,1812.375,2862.125,2405.5,2133.875,1450.75,3403.75,3172.125,2772.25,30.66,52.68
38.8,2383.0,2659.25,1812.5,2862.5,2405.75,2134.0,1451.375,3404.0,3172.375,2772.75,30.67,52.71
38.9,2383.375,2659.75,1812.625,2862.75,2405.875,2134.0,1451.625,3404.375,3172.75,2773.125,30.63,52.7
39.0,2383.75,2660.375,1812.75,2863.0,2406.0,2134.375,1452.375,3404.625,3173.125,2773.375,30.66,52.68
39.1,2384.125,2660.875,1812.875,2863.375,2406.125,2134.5,1452.375,3404.875,3173.5,2773.875,30.66,52.69
39.2,2384.5,2661.625,1813.0,2863.75,2406.375,2134.5,1453.25,3405.25,3173.75,2774.375,30.67,52.71
39.3,2384.875,2662.125,1813.0,2864.0,2406.5,2134.75,1453.5,3405.5,3174.25,2774.625,30.67,52.71
39.4,2385.25,2662.625,1813.25,2864.25,2406.625,2134.875,1454.125,3405.875,3174.5,2775.0,30.64,52.7
39.5,2385.625,2663.25,1813.375,2864.75,2406.875,2135.0,1454.5,3406.125,3174.875,2775.5,30.64,52.68
39.6,2386.0,2663.875,1813.375,2865.0,2407.0,2135.125,1454.875,3406.375,3175.25,2775.75,30.66,52.69
39.7,2386.375,2664.375,1813.625,2865.25,2407.125,2135.375,1455.5,3406.625,3175.625,2776.125,30.64,52.68
39.8,2386.75,2665.0,1813.75,2865.625,2407.375,2135.375,1455.875,3406.875,3175.875,2776.75,30.66,52.68
39.9,2387.125,2665.625,1813.75,2866.0,2407.5,2135.625,1456.5,3407.125,3176.375,2776.875,30.67,52.72
40.0,2387.5,2666.0,1814.0,2866.125,2407.75,2135.75,1456.625,3407.375,3176.625,2777.25,30.66,52.76
40.1,2387.875,2666.75,1814.125,2866.5,2407.875,2135.875,1457.25,3407.625,3176.875,2777.875,30.64,52.69
40.2,2388.25,2667.25,1814.25,2866.875,2408.0,2136.0,1457.75,3408.0,3177.25,2778.125,30.66,52.72
40.3,2388.625,2667.75,1814.375,2867.0,2408.125,2136.25,1458.25,3408.25,3177.75,2778.375,30.67,52.73
40.4,2389.0,2668.375,1814.5,2867.375,2408.25,2136.375,1458.625,3408.5,3178.0,2779.0,30.66,52.7
40.5,2389.25,2668.875,1814.625,2867.625,2408.375,2136.5,1459.125,3408.75,3178.25,2779.25,30.64,52.7
40.6,2389.625,2669.25,1814.625,2867.875,2408.5,2136.625,1459.375,3409.0,3178.75,2779.5,30.64,52.72
40.7,2390.125,2669.875,1814.875,2868.25,2408.625,2136.75,1459.625,3409.25,3179.0,2780.0,30.67,52.77
40.8,2390.375,2670.5,1815.0,2868.5,2408.75,2136.875,1460.25,3409.625,3179.375,2780.375,30.66,52.7
40.9,2390.75,2670.875,1815.125,2868.75,2408.875,2137.0,1460.5,3409.875,3179.75,2780.5,30.63,52.74
41.0,2391.125,2671.5,1815.25,2869.0,2409.0,2137.125,1461.125,3410.0,3180.0,2781.0,30.67,52.73
41.1,2391.375,2672.125,1815.375,2869.375,2409.125,2137.25,1461.375,3410.375,3180.375,2781.375,30.67,52.74
41.2,2391.875,2672.5,1815.375,2869.625,2409.25,2137.375,1462.125,3410.625,3180.75,2781.625,30.66,52.74
41.3,2392.25,2673.0,1815.625,2869.875,2409.375,2137.625,1462.125,3410.875,3181.0,2782.0,30.67,52.73
41.4,2392.5,2673.625,1815.75,2870.25,2409.625,2137.625,1462.75,3411.125,3181.25,2782.375,30.64,52.69
41.5,2392.875,2674.125,1815.75,2870.5,2409.75,2137.875,1463.125,3411.375,3181.625,2782.5,30.67,52.77
41.6,2393.25,2674.625,1816.0,2870.75,2409.875,2138.0,1463.375,3411.625,3182.0,2782.875,30.67,52.71
41.7,2393.625,2675.25,1816.125,2871.0,2409.875,2138.0,1463.875,3412.0,3182.25,2783.375,30.67,52.76
41.8,2393.875,2675.75,1816.125,2871.375,2410.125,2138.125,1464.125,3412.25,3182.625,2783.625,30.66,52.76
41.9,2394.25,2676.125,1816.375,2871.625,2410.25,2138.375,1464.875,3412.5,3182.875,2783.875,30.68,52.81
42.0,2394.625,2676.75,1816.5,2871.875,2410.375,2138.5,1464.75,3412.625,3183.125,2784.375,30.64,52.78
42.1,2395.0,2677.375,1816.5,2872.25,2410.625,2138.5,1465.5,3413.0,3183.5,2784.625,30.66,52.78
42.2,2395.375,2677.75,1816.75,2872.5,2410.75,2138.625,1465.75,3413.25,3183.875,2785.0,30.64,52.78
42.3,2395.625,2678.375,1816.875,2872.875,2410.875,2138.625,1466.125,3413.5,3184.125,2785.375,30.66,52.76
42.4,2396.0,2679.0,1817.0,2873.125,2411.125,2138.25,1466.375,3413.75,3184.625,2785.625,30.66,52.77
42.5,2396.5,2679.375,1817.125,2873.375,2411.125,2137.5,1466.625,3414.0,3185.0,2785.875,30.68,52.8
42.6,2396.75,2680.0,1817.375,2873.5,2411.125,2135.875,1466.875,3414.125,3185.125,2786.25,30.67,52.78
42.7,2397.125,2680.375,1817.375,2873.5,2411.125,2133.375,1467.0,3414.25,3185.25,2786.5,30.66,52.79
42.8,2397.375,2680.625,1817.5,2873.125,2410.75,2130.125,1467.125,3414.25,3185.25,2786.375,30.67,52.81
42.9,2397.75,2680.875,1817.625,2872.5,2410.25,2126.0,1467.0,3414.0,3185.0,2786.125,30.68,52.76
43.0,2397.875,2680.875,1817.625,2871.625,2409.5,2120.75,1467.0,3413.5,3184.5,2785.25,30.67,52.78
43.1,2398.25,2680.625,1817.75,2870.25,2408.375,2114.875,1465.875,3412.75,3183.75,2783.625,30.67,52.72
43.2,2398.375,2680.125,1817.75,2868.625,2406.75,2108.125,1465.125,3411.625,3182.625,2781.625,30.67,52.74
43.3,2398.25,2679.375,1817.5,2866.875,2404.75,2100.75,1463.375,3410.125,3181.375,2778.875,30.66,52.72
43.4,2398.0,2678.375,1817.375,2864.75,2402.0,2092.625,1461.625,3408.25,3179.75,2775.125,30.64,52.66
43.5,2397.75,2677.25,1817.25,2862.25,2398.875,2083.875,1459.25,3406.125,3177.75,2771.0,30.67,52.68
43.6,2397.125,2675.875,1816.75,2859.625,2395.25,2074.5,1456.5,3403.75,3175.25,2766.25,30.66,52.64
43.7,2396.25,2674.25,1816.375,2856.625,2391.0,2065.0,1453.5,3401.0,3172.625,2760.75,30.66,52.55
43.8,2395.375,2672.375,1815.875,2853.375,2386.375,2055.125,1449.75,3397.875,3169.375,2755.125,30.68,52.48
43.9,2394.0,2670.25,1815.125,2850.0,2381.5,2045.125,1446.375,3394.75,3165.875,2749.125,30.67,52.4
44.0,2392.5,2667.875,1814.375,2846.375,2376.25,2035.125,1442.25,3391.25,3162.125,2742.75,30.64,52.35
44.1,2390.875,2665.25,1813.75,2842.625,2370.75,2025.0,1438.25,3387.5,3158.0,2736.125,30.67,52.26
44.2,2388.875,2662.5,1812.875,2838.625,2365.0,2014.875,1433.5,3383.625,3153.5,2729.375,30.66,52.16
44.3,2386.875,2659.25,1811.875,2834.5,2359.25,2005.0,1429.0,3379.75,3149.0,2722.25,30.66,52.08
44.4,2384.625,2655.875,1811.0,2830.125,2353.0,1995.125,1424.0,3375.5,3144.125,2715.125,30.67,51.99
44.5,2382.125,2652.375,1810.0,2825.75,2346.75,1985.375,1419.0,3371.125,3139.125,2708.0,30.7,51.85
44.6,2379.375,2648.625,1809.0,2821.125,2340.375,1976.0,1413.75,3366.75,3133.875,2700.5,30.66,51.75
44.7,2376.75,2644.625,1808.0,2816.375,2333.875,1966.875,1408.625,3362.125,3128.625,2692.875,30.67,51.66
44.8,2373.625,2640.5,1806.875,2811.625,2327.125,1957.625,1403.375,3357.375,3123.0,2685.25,30.66,51.51
44.9,2370.5,2636.25,1805.75,2806.75,2320.625,1948.75,1397.75,3352.75,3117.375,2677.375,30.66,51.4
45.0,2367.375,2631.625,1804.625,2801.625,2313.75,1940.0,1392.5,3347.75,3111.625,2669.375,30.64,51.3
